INSERT INTO country (code, name) VALUES ('AF','Afghanistan');
INSERT INTO country (code, name) VALUES ('AL','Albania');
INSERT INTO country (code, name) VALUES ('DZ','Algeria');
INSERT INTO country (code, name) VALUES ('AS','American Samoa');
INSERT INTO country (code, name) VALUES ('AD','Andorra');
INSERT INTO country (code, name) VALUES ('AO','Angola');
INSERT INTO country (code, name) VALUES ('AI','Anguilla');
INSERT INTO country (code, name) VALUES ('AQ','Antarctica');
INSERT INTO country (code, name) VALUES ('AG','Antigua and Barbuda');
INSERT INTO country (code, name) VALUES ('AR','Argentina');
INSERT INTO country (code, name) VALUES ('AM','Armenia');
INSERT INTO country (code, name) VALUES ('AW','Aruba');
INSERT INTO country (code, name) VALUES ('AU','Australia');
INSERT INTO country (code, name) VALUES ('AT','Austria');
INSERT INTO country (code, name) VALUES ('AZ','Azerbaijan');
INSERT INTO country (code, name) VALUES ('BS','Bahamas');
INSERT INTO country (code, name) VALUES ('BH','Bahrain');
INSERT INTO country (code, name) VALUES ('BD','Bangladesh');
INSERT INTO country (code, name) VALUES ('BB','Barbados');
INSERT INTO country (code, name) VALUES ('BY','Belarus');
INSERT INTO country (code, name) VALUES ('BE','Belgium');
INSERT INTO country (code, name) VALUES ('BZ','Belize');
INSERT INTO country (code, name) VALUES ('BJ','Benin');
INSERT INTO country (code, name) VALUES ('BM','Bermuda');
INSERT INTO country (code, name) VALUES ('BT','Bhutan');
INSERT INTO country (code, name) VALUES ('BO','Bolivia');
INSERT INTO country (code, name) VALUES ('BA','Bosnia and Herzegovina');
INSERT INTO country (code, name) VALUES ('BW','Botswana');
INSERT INTO country (code, name) VALUES ('BV','Bouvet Island');
INSERT INTO country (code, name) VALUES ('BR','Brazil');
INSERT INTO country (code, name) VALUES ('IO','British Indian Ocean Territory');
INSERT INTO country (code, name) VALUES ('BN','Brunei Darussalam');
INSERT INTO country (code, name) VALUES ('BG','Bulgaria');
INSERT INTO country (code, name) VALUES ('BF','Burkina Faso');
INSERT INTO country (code, name) VALUES ('BI','Burundi');
INSERT INTO country (code, name) VALUES ('KH','Cambodia');
INSERT INTO country (code, name) VALUES ('CM','Cameroon');
INSERT INTO country (code, name) VALUES ('CA','Canada');
INSERT INTO country (code, name) VALUES ('CV','Cape Verde');
INSERT INTO country (code, name) VALUES ('KY','Cayman Islands');
INSERT INTO country (code, name) VALUES ('CF','Central African Republic');
INSERT INTO country (code, name) VALUES ('TD','Chad');
INSERT INTO country (code, name) VALUES ('CL','Chile');
INSERT INTO country (code, name) VALUES ('CN','China');
INSERT INTO country (code, name) VALUES ('CX','Christmas Island');
INSERT INTO country (code, name) VALUES ('CC','Cocos (Keeling) Islands');
INSERT INTO country (code, name) VALUES ('CO','Colombia');
INSERT INTO country (code, name) VALUES ('KM','Comoros');
INSERT INTO country (code, name) VALUES ('CG','Congo');
INSERT INTO country (code, name) VALUES ('CD','the Democratic Republic of the Congo');
INSERT INTO country (code, name) VALUES ('CK','Cook Islands');
INSERT INTO country (code, name) VALUES ('CR','Costa Rica');
INSERT INTO country (code, name) VALUES ('CI','Cote D''Ivoire');
INSERT INTO country (code, name) VALUES ('HR','Croatia');
INSERT INTO country (code, name) VALUES ('CU','Cuba');
INSERT INTO country (code, name) VALUES ('CY','Cyprus');
INSERT INTO country (code, name) VALUES ('CZ','Czech Republic');
INSERT INTO country (code, name) VALUES ('DK','Denmark');
INSERT INTO country (code, name) VALUES ('DJ','Djibouti');
INSERT INTO country (code, name) VALUES ('DM','Dominica');
INSERT INTO country (code, name) VALUES ('DO','Dominican Republic');
INSERT INTO country (code, name) VALUES ('EC','Ecuador');
INSERT INTO country (code, name) VALUES ('EG','Egypt');
INSERT INTO country (code, name) VALUES ('SV','El Salvador');
INSERT INTO country (code, name) VALUES ('GQ','Equatorial Guinea');
INSERT INTO country (code, name) VALUES ('ER','Eritrea');
INSERT INTO country (code, name) VALUES ('EE','Estonia');
INSERT INTO country (code, name) VALUES ('ET','Ethiopia');
INSERT INTO country (code, name) VALUES ('FK','Falkland Islands (Malvinas)');
INSERT INTO country (code, name) VALUES ('FO','Faroe Islands');
INSERT INTO country (code, name) VALUES ('FJ','Fiji');
INSERT INTO country (code, name) VALUES ('FI','Finland');
INSERT INTO country (code, name) VALUES ('FR','France');
INSERT INTO country (code, name) VALUES ('GF','French Guiana');
INSERT INTO country (code, name) VALUES ('PF','French Polynesia');
INSERT INTO country (code, name) VALUES ('TF','French Southern Territories');
INSERT INTO country (code, name) VALUES ('GA','Gabon');
INSERT INTO country (code, name) VALUES ('GM','Gambia');
INSERT INTO country (code, name) VALUES ('GE','Georgia');
INSERT INTO country (code, name) VALUES ('DE','Germany');
INSERT INTO country (code, name) VALUES ('GH','Ghana');
INSERT INTO country (code, name) VALUES ('GI','Gibraltar');
INSERT INTO country (code, name) VALUES ('GR','Greece');
INSERT INTO country (code, name) VALUES ('GL','Greenland');
INSERT INTO country (code, name) VALUES ('GD','Grenada');
INSERT INTO country (code, name) VALUES ('GP','Guadeloupe');
INSERT INTO country (code, name) VALUES ('GU','Guam');
INSERT INTO country (code, name) VALUES ('GT','Guatemala');
INSERT INTO country (code, name) VALUES ('GN','Guinea');
INSERT INTO country (code, name) VALUES ('GW','Guinea-Bissau');
INSERT INTO country (code, name) VALUES ('GY','Guyana');
INSERT INTO country (code, name) VALUES ('HT','Haiti');
INSERT INTO country (code, name) VALUES ('HM','Heard Island and Mcdonald Islands');
INSERT INTO country (code, name) VALUES ('VA','Holy See (Vatican City State)');
INSERT INTO country (code, name) VALUES ('HN','Honduras');
INSERT INTO country (code, name) VALUES ('HK','Hong Kong');
INSERT INTO country (code, name) VALUES ('HU','Hungary');
INSERT INTO country (code, name) VALUES ('IS','Iceland');
INSERT INTO country (code, name) VALUES ('IN','India');
INSERT INTO country (code, name) VALUES ('ID','Indonesia');
INSERT INTO country (code, name) VALUES ('IR','Islamic Republic of Iran');
INSERT INTO country (code, name) VALUES ('IQ','Iraq');
INSERT INTO country (code, name) VALUES ('IE','Ireland');
INSERT INTO country (code, name) VALUES ('IL','Israel');
INSERT INTO country (code, name) VALUES ('IT','Italy');
INSERT INTO country (code, name) VALUES ('JM','Jamaica');
INSERT INTO country (code, name) VALUES ('JP','Japan');
INSERT INTO country (code, name) VALUES ('JO','Jordan');
INSERT INTO country (code, name) VALUES ('KZ','Kazakhstan');
INSERT INTO country (code, name) VALUES ('KE','Kenya');
INSERT INTO country (code, name) VALUES ('KI','Kiribati');
INSERT INTO country (code, name) VALUES ('KP','Democratic People''s Republic of Korea');
INSERT INTO country (code, name) VALUES ('KR','Republic of Korea');
INSERT INTO country (code, name) VALUES ('KW','Kuwait');
INSERT INTO country (code, name) VALUES ('KG','Kyrgyzstan');
INSERT INTO country (code, name) VALUES ('LA','Lao People''s Democratic Republic');
INSERT INTO country (code, name) VALUES ('LV','Latvia');
INSERT INTO country (code, name) VALUES ('LB','Lebanon');
INSERT INTO country (code, name) VALUES ('LS','Lesotho');
INSERT INTO country (code, name) VALUES ('LR','Liberia');
INSERT INTO country (code, name) VALUES ('LY','Libyan Arab Jamahiriya');
INSERT INTO country (code, name) VALUES ('LI','Liechtenstein');
INSERT INTO country (code, name) VALUES ('LT','Lithuania');
INSERT INTO country (code, name) VALUES ('LU','Luxembourg');
INSERT INTO country (code, name) VALUES ('MO','Macao');
INSERT INTO country (code, name) VALUES ('MK','The Former Yugoslav Republic of Macedonia');
INSERT INTO country (code, name) VALUES ('MG','Madagascar');
INSERT INTO country (code, name) VALUES ('MW','Malawi');
INSERT INTO country (code, name) VALUES ('MY','Malaysia');
INSERT INTO country (code, name) VALUES ('MV','Maldives');
INSERT INTO country (code, name) VALUES ('ML','Mali');
INSERT INTO country (code, name) VALUES ('MT','Malta');
INSERT INTO country (code, name) VALUES ('MH','Marshall Islands');
INSERT INTO country (code, name) VALUES ('MQ','Martinique');
INSERT INTO country (code, name) VALUES ('MR','Mauritania');
INSERT INTO country (code, name) VALUES ('MU','Mauritius');
INSERT INTO country (code, name) VALUES ('YT','Mayotte');
INSERT INTO country (code, name) VALUES ('MX','Mexico');
INSERT INTO country (code, name) VALUES ('FM','Federated States of Micronesia');
INSERT INTO country (code, name) VALUES ('MD','Republic of Moldova');
INSERT INTO country (code, name) VALUES ('MC','Monaco');
INSERT INTO country (code, name) VALUES ('MN','Mongolia');
INSERT INTO country (code, name) VALUES ('MS','Montserrat');
INSERT INTO country (code, name) VALUES ('MA','Morocco');
INSERT INTO country (code, name) VALUES ('MZ','Mozambique');
INSERT INTO country (code, name) VALUES ('MM','Myanmar');
INSERT INTO country (code, name) VALUES ('NA','Namibia');
INSERT INTO country (code, name) VALUES ('NR','Nauru');
INSERT INTO country (code, name) VALUES ('NP','Nepal');
INSERT INTO country (code, name) VALUES ('NL','Netherlands');
INSERT INTO country (code, name) VALUES ('AN','Netherlands Antilles');
INSERT INTO country (code, name) VALUES ('NC','New Caledonia');
INSERT INTO country (code, name) VALUES ('NZ','New Zealand');
INSERT INTO country (code, name) VALUES ('NI','Nicaragua');
INSERT INTO country (code, name) VALUES ('NE','Niger');
INSERT INTO country (code, name) VALUES ('NG','Nigeria');
INSERT INTO country (code, name) VALUES ('NU','Niue');
INSERT INTO country (code, name) VALUES ('NF','Norfolk Island');
INSERT INTO country (code, name) VALUES ('MP','Northern Mariana Islands');
INSERT INTO country (code, name) VALUES ('NO','Norway');
INSERT INTO country (code, name) VALUES ('OM','Oman');
INSERT INTO country (code, name) VALUES ('PK','Pakistan');
INSERT INTO country (code, name) VALUES ('PW','Palau');
INSERT INTO country (code, name) VALUES ('PS','State of Palestine');
INSERT INTO country (code, name) VALUES ('PA','Panama');
INSERT INTO country (code, name) VALUES ('PG','Papua New Guinea');
INSERT INTO country (code, name) VALUES ('PY','Paraguay');
INSERT INTO country (code, name) VALUES ('PE','Peru');
INSERT INTO country (code, name) VALUES ('PH','Philippines');
INSERT INTO country (code, name) VALUES ('PN','Pitcairn');
INSERT INTO country (code, name) VALUES ('PL','Poland');
INSERT INTO country (code, name) VALUES ('PT','Portugal');
INSERT INTO country (code, name) VALUES ('PR','Puerto Rico');
INSERT INTO country (code, name) VALUES ('QA','Qatar');
INSERT INTO country (code, name) VALUES ('RE','Reunion');
INSERT INTO country (code, name) VALUES ('RO','Romania');
INSERT INTO country (code, name) VALUES ('RS','Serbia');
INSERT INTO country (code, name) VALUES ('RU','Russian Federation');
INSERT INTO country (code, name) VALUES ('RW','Rwanda');
INSERT INTO country (code, name) VALUES ('SH','Saint Helena');
INSERT INTO country (code, name) VALUES ('KN','Saint Kitts and Nevis');
INSERT INTO country (code, name) VALUES ('LC','Saint Lucia');
INSERT INTO country (code, name) VALUES ('PM','Saint Pierre and Miquelon');
INSERT INTO country (code, name) VALUES ('VC','Saint Vincent and the Grenadines');
INSERT INTO country (code, name) VALUES ('WS','Samoa');
INSERT INTO country (code, name) VALUES ('SM','San Marino');
INSERT INTO country (code, name) VALUES ('ST','Sao Tome and Principe');
INSERT INTO country (code, name) VALUES ('SA','Saudi Arabia');
INSERT INTO country (code, name) VALUES ('SN','Senegal');
INSERT INTO country (code, name) VALUES ('CS','Serbia and Montenegro');
INSERT INTO country (code, name) VALUES ('SC','Seychelles');
INSERT INTO country (code, name) VALUES ('SL','Sierra Leone');
INSERT INTO country (code, name) VALUES ('SG','Singapore');
INSERT INTO country (code, name) VALUES ('SK','Slovakia');
INSERT INTO country (code, name) VALUES ('SI','Slovenia');
INSERT INTO country (code, name) VALUES ('SB','Solomon Islands');
INSERT INTO country (code, name) VALUES ('SO','Somalia');
INSERT INTO country (code, name) VALUES ('ZA','South Africa');
INSERT INTO country (code, name) VALUES ('GS','South Georgia and the South Sandwich Islands');
INSERT INTO country (code, name) VALUES ('ES','Spain');
INSERT INTO country (code, name) VALUES ('LK','Sri Lanka');
INSERT INTO country (code, name) VALUES ('SD','Sudan');
INSERT INTO country (code, name) VALUES ('SR','Suriname');
INSERT INTO country (code, name) VALUES ('SJ','Svalbard and Jan Mayen');
INSERT INTO country (code, name) VALUES ('SZ','Swaziland');
INSERT INTO country (code, name) VALUES ('SE','Sweden');
INSERT INTO country (code, name) VALUES ('CH','Switzerland');
INSERT INTO country (code, name) VALUES ('SY','Syrian Arab Republic');
INSERT INTO country (code, name) VALUES ('TW','Taiwan, Province of China');
INSERT INTO country (code, name) VALUES ('TJ','Tajikistan');
INSERT INTO country (code, name) VALUES ('TZ','United Republic of Tanzania');
INSERT INTO country (code, name) VALUES ('TH','Thailand');
INSERT INTO country (code, name) VALUES ('TL','Timor-Leste');
INSERT INTO country (code, name) VALUES ('TG','Togo');
INSERT INTO country (code, name) VALUES ('TK','Tokelau');
INSERT INTO country (code, name) VALUES ('TO','Tonga');
INSERT INTO country (code, name) VALUES ('TT','Trinidad and Tobago');
INSERT INTO country (code, name) VALUES ('TN','Tunisia');
INSERT INTO country (code, name) VALUES ('TR','Turkey');
INSERT INTO country (code, name) VALUES ('TM','Turkmenistan');
INSERT INTO country (code, name) VALUES ('TC','Turks and Caicos Islands');
INSERT INTO country (code, name) VALUES ('TV','Tuvalu');
INSERT INTO country (code, name) VALUES ('UG','Uganda');
INSERT INTO country (code, name) VALUES ('UA','Ukraine');
INSERT INTO country (code, name) VALUES ('AE','United Arab Emirates');
INSERT INTO country (code, name) VALUES ('GB','United Kingdom');
INSERT INTO country (code, name) VALUES ('US','United States');
INSERT INTO country (code, name) VALUES ('UM','United States Minor Outlying Islands');
INSERT INTO country (code, name) VALUES ('UY','Uruguay');
INSERT INTO country (code, name) VALUES ('UZ','Uzbekistan');
INSERT INTO country (code, name) VALUES ('VU','Vanuatu');
INSERT INTO country (code, name) VALUES ('VE','Venezuela');
INSERT INTO country (code, name) VALUES ('VN','Viet Nam');
INSERT INTO country (code, name) VALUES ('VG','Virgin Islands (British)');
INSERT INTO country (code, name) VALUES ('VI','Virgin Islands (U.S.)');
INSERT INTO country (code, name) VALUES ('WF','Wallis and Futuna');
INSERT INTO country (code, name) VALUES ('EH','Western Sahara');
INSERT INTO country (code, name) VALUES ('YE','Yemen');
INSERT INTO country (code, name) VALUES ('ZM','Zambia');
INSERT INTO country (code, name) VALUES ('ZW','Zimbabwe');

INSERT INTO currency (value) VALUES ('PHP');
INSERT INTO currency (value) VALUES ('HUF');
INSERT INTO currency (value) VALUES ('IDR');
INSERT INTO currency (value) VALUES ('TRY');
INSERT INTO currency (value) VALUES ('RON');
INSERT INTO currency (value) VALUES ('ISK');
INSERT INTO currency (value) VALUES ('ILS');
INSERT INTO currency (value) VALUES ('CNY');
INSERT INTO currency (value) VALUES ('USD');
INSERT INTO currency (value) VALUES ('EUR');
INSERT INTO currency (value) VALUES ('PLN');
INSERT INTO currency (value) VALUES ('GBP');
INSERT INTO currency (value) VALUES ('CAD');
INSERT INTO currency (value) VALUES ('AUD');
INSERT INTO currency (value) VALUES ('MYR');
INSERT INTO currency (value) VALUES ('NZD');
INSERT INTO currency (value) VALUES ('CHF');
INSERT INTO currency (value) VALUES ('HRK');
INSERT INTO currency (value) VALUES ('SGD');
INSERT INTO currency (value) VALUES ('DKK');
INSERT INTO currency (value) VALUES ('BGN');
INSERT INTO currency (value) VALUES ('CZK');
INSERT INTO currency (value) VALUES ('BRL');
INSERT INTO currency (value) VALUES ('JPY');
INSERT INTO currency (value) VALUES ('KRW');
INSERT INTO currency (value) VALUES ('INR');
INSERT INTO currency (value) VALUES ('SEK');
INSERT INTO currency (value) VALUES ('MXN');
INSERT INTO currency (value) VALUES ('RUB');
INSERT INTO currency (value) VALUES ('HKD');
INSERT INTO currency (value) VALUES ('ZAR');
INSERT INTO currency (value) VALUES ('THB');
INSERT INTO currency (value) VALUES ('NOK');


INSERT INTO ebay_country (ebay_site_id, ebay_global_id, site_name, condition_enabled, returns_only_enabled, currency_value, category_enabled) VALUES (16, 'EBAY-AT','eBay Austria', true, false ,'EUR', false);
INSERT INTO ebay_country (ebay_site_id, ebay_global_id, site_name, condition_enabled, returns_only_enabled, currency_value, category_enabled) VALUES (15,'EBAY-AU','eBay Australia',true,false,'AUD',false);
INSERT INTO ebay_country (ebay_site_id, ebay_global_id, site_name, condition_enabled, returns_only_enabled, currency_value, category_enabled) VALUES (193,'EBAY-CH','eBay Switzerland',true,false,'CHF',false);
INSERT INTO ebay_country (ebay_site_id, ebay_global_id, site_name, condition_enabled, returns_only_enabled, currency_value, category_enabled) VALUES (77,'EBAY-DE','eBay Germany',true,false,'EUR',false);
INSERT INTO ebay_country (ebay_site_id, ebay_global_id, site_name, condition_enabled, returns_only_enabled, currency_value, category_enabled) VALUES (2,'EBAY-ENCA','eBay Canada (English)',true,false,'CAD',false);
INSERT INTO ebay_country (ebay_site_id, ebay_global_id, site_name, condition_enabled, returns_only_enabled, currency_value, category_enabled) VALUES (186,'EBAY-ES','eBay Spain',true,false,'EUR',false);
INSERT INTO ebay_country (ebay_site_id, ebay_global_id, site_name, condition_enabled, returns_only_enabled, currency_value, category_enabled) VALUES (71,'EBAY-FR','eBay France',true,false,'EUR',false);
INSERT INTO ebay_country (ebay_site_id, ebay_global_id, site_name, condition_enabled, returns_only_enabled, currency_value, category_enabled) VALUES (23,'EBAY-FRBE','eBay Belgium (French)',true,false,'EUR',false);
INSERT INTO ebay_country (ebay_site_id, ebay_global_id, site_name, condition_enabled, returns_only_enabled, currency_value, category_enabled) VALUES (210,'EBAY-FRCA','eBay Canada (French)',true,false,'CAD',false);
INSERT INTO ebay_country (ebay_site_id, ebay_global_id, site_name, condition_enabled, returns_only_enabled, currency_value, category_enabled) VALUES (3,'EBAY-GB','eBay UK',true,false,'GBP',false);
INSERT INTO ebay_country (ebay_site_id, ebay_global_id, site_name, condition_enabled, returns_only_enabled, currency_value, category_enabled) VALUES (201,'EBAY-HK','eBay Hong Kong',false,false,'HKD',false);
INSERT INTO ebay_country (ebay_site_id, ebay_global_id, site_name, condition_enabled, returns_only_enabled, currency_value, category_enabled) VALUES (205,'EBAY-IE','eBay Ireland',true,false,'EUR',false);
INSERT INTO ebay_country (ebay_site_id, ebay_global_id, site_name, condition_enabled, returns_only_enabled, currency_value, category_enabled) VALUES (203,'EBAY-IN','eBay India',false,false,'INR',false);
INSERT INTO ebay_country (ebay_site_id, ebay_global_id, site_name, condition_enabled, returns_only_enabled, currency_value, category_enabled) VALUES (101,'EBAY-IT','eBay Italy',true,false,'EUR',false);
INSERT INTO ebay_country (ebay_site_id, ebay_global_id, site_name, condition_enabled, returns_only_enabled, currency_value, category_enabled) VALUES (100,'EBAY-MOTOR','eBay Motors',false,false,'USD',false);
INSERT INTO ebay_country (ebay_site_id, ebay_global_id, site_name, condition_enabled, returns_only_enabled, currency_value, category_enabled) VALUES (207,'EBAY-MY','eBay Malaysia',false,false,'MYR',false);
INSERT INTO ebay_country (ebay_site_id, ebay_global_id, site_name, condition_enabled, returns_only_enabled, currency_value, category_enabled) VALUES (146,'EBAY-NL','eBay Netherlands',true,false,'EUR',false);
INSERT INTO ebay_country (ebay_site_id, ebay_global_id, site_name, condition_enabled, returns_only_enabled, currency_value, category_enabled) VALUES (123,'EBAY-NLBE','eBay Belgium (Dutch)',true,false,'EUR',false);
INSERT INTO ebay_country (ebay_site_id, ebay_global_id, site_name, condition_enabled, returns_only_enabled, currency_value, category_enabled) VALUES (211,'EBAY-PH','eBay Philippines',false,false,'PHP',false);
INSERT INTO ebay_country (ebay_site_id, ebay_global_id, site_name, condition_enabled, returns_only_enabled, currency_value, category_enabled) VALUES (212,'EBAY-PL','eBay Poland',true,false,'PLN',false);
INSERT INTO ebay_country (ebay_site_id, ebay_global_id, site_name, condition_enabled, returns_only_enabled, currency_value, category_enabled) VALUES (216,'EBAY-SG','eBay Singapore',false,false,'SGD',false);
INSERT INTO ebay_country (ebay_site_id, ebay_global_id, site_name, condition_enabled, returns_only_enabled, currency_value, category_enabled) VALUES (0,'EBAY-US','eBay United States',true,true,'USD',false);
